{
    "last_epoch": 11,
    "val_accuracy": 0.33045417070388794,
    "val_loss": 1.7982828617095947,
    "last_date": "2026-02-08 22:17:09"
}